"","Strain","Conc","Area1","Area2","RelArea","Set","setStrain","growthRate","relGrowthRate","hormetic"
"1","ARLE_A1",0,0.75,4.32,3.57,"1","1@ARLE_A1",0.097720502380584,0.945876466541511,TRUE
"2","ARLE_A1",0,0.81,3.99,3.18,"1","1@ARLE_A1",0.0884567407562544,0.856208752002164,TRUE
"3","ARLE_A1",0,0.78,5.85,5.07,"1","1@ARLE_A1",0.123759114846212,1.19791478145633,TRUE
"4","ARLE_A1",0.1,0.74,4.98,4.24,"1","1@ARLE_A1",0.11052948132873,1.06985978071125,TRUE
"5","ARLE_A1",0.1,0.67,4.22,3.55,"1","1@ARLE_A1",0.0995978848031869,0.964048414177666,TRUE
"6","ARLE_A1",0.1,0.67,4.47,3.8,"1","1@ARLE_A1",0.104431667135802,1.01083655833802,TRUE
"7","ARLE_A1",0.5,0.39,3.89,3.5,"1","1@ARLE_A1",0.108631358868722,1.0514870818221,TRUE
"8","ARLE_A1",0.5,0.36,3.81,3.45,"1","1@ARLE_A1",0.10896291189783,1.05469631836923,TRUE
"9","ARLE_A1",0.5,0.28,4.87,4.59,"1","1@ARLE_A1",0.135216688918214,1.30881729847528,TRUE
"10","ARLE_A1",1,0.28,3.12,2.84,"1","1@ARLE_A1",0.0997166329944691,0.965197826192974,TRUE
"11","ARLE_A1",1,0.27,3.22,2.95,"1","1@ARLE_A1",0.102748643523674,0.994545888636525,TRUE
"12","ARLE_A1",1,0.35,3.02,2.67,"1","1@ARLE_A1",0.0923825577262149,0.894208330323742,TRUE
"13","ARLE_A1",5,0.21,1.32,1.11,"1","1@ARLE_A1",0.0556657620216481,0.538811539090478,TRUE
"14","ARLE_A1",5,0.18,1,0.82,"1","1@ARLE_A1",0.0464034593295567,0.449157946149329,TRUE
"15","ARLE_A1",5,0.25,1.08,0.83,"1","1@ARLE_A1",0.0434611746442323,0.420678376622814,TRUE
"16","ARLE_A1",10,0.16,0.86,0.7,"1","1@ARLE_A1",0.0425045803251924,0.41141911134721,TRUE
"17","ARLE_A1",10,0.17,0.87,0.7,"1","1@ARLE_A1",0.0419456693959086,0.406009185261859,TRUE
"18","ARLE_A1",10,0.22,1.23,1.01,"1","1@ARLE_A1",0.0515840208381672,0.49930270692206,TRUE
"19","ARLE_A1",50,0.16,0.46,0.3,"1","1@ARLE_A1",0.0224251656353126,0.217062294155295,TRUE
"20","ARLE_A1",50,0.15,0.37,0.22,"1","1@ARLE_A1",0.0178104913943527,0.172394986282894,TRUE
"21","ARLE_A1",50,0.15,0.34,0.19,"1","1@ARLE_A1",0.0157809351436516,0.152750086304957,TRUE
"22","KSSH_A4",0,0.91,4.27,3.36,"1","1@KSSH_A4",0.089662510212841,0.945610960357233,TRUE
"23","KSSH_A4",0,0.85,6.15,5.3,"1","1@KSSH_A4",0.125569653216095,1.32429975568976,TRUE
"24","KSSH_A4",0,0.87,3.21,2.34,"1","1@KSSH_A4",0.0692268180288352,0.730089283953007,TRUE
"25","KSSH_A4",0.1,0.71,3.67,2.96,"1","1@KSSH_A4",0.0864910231010232,0.912163391619222,TRUE
"26","KSSH_A4",0.1,0.72,3.98,3.26,"1","1@KSSH_A4",0.0924034210954357,0.974517527503206,TRUE
"27","KSSH_A4",0.1,0.71,4.01,3.3,"1","1@KSSH_A4",0.0934848810663475,0.985922967739647,TRUE
"28","KSSH_A4",0.5,0.33,4.66,4.33,"1","1@KSSH_A4",0.12768795475502,1.34664007549337,TRUE
"29","KSSH_A4",0.5,0.4,4.12,3.72,"1","1@KSSH_A4",0.112622136840798,1.18775089747888,TRUE
"30","KSSH_A4",0.5,0.28,4.04,3.76,"1","1@KSSH_A4",0.119352280315042,1.25872925196522,TRUE
"31","KSSH_A4",1,0.22,3.58,3.36,"1","1@KSSH_A4",0.114695488092728,1.20961715645201,TRUE
"32","KSSH_A4",1,0.31,4.27,3.96,"1","1@KSSH_A4",0.121673238078783,1.28320685241059,TRUE
"33","KSSH_A4",1,0.34,3.43,3.09,"1","1@KSSH_A4",0.102273928446907,1.07861521463779,TRUE
"34","KSSH_A4",5,0.22,1.25,1.03,"1","1@KSSH_A4",0.0523078227264255,0.551655874513396,TRUE
"35","KSSH_A4",5,0.18,1.19,1.01,"1","1@KSSH_A4",0.053727543751287,0.566628729484463,TRUE
"36","KSSH_A4",5,0.22,1.03,0.81,"1","1@KSSH_A4",0.0439945027340015,0.463980808500497,TRUE
"37","KSSH_A4",10,0.12,1.16,1.04,"1","1@KSSH_A4",0.0588871104590688,0.621043253659518,TRUE
"38","KSSH_A4",10,0.1,0.84,0.74,"1","1@KSSH_A4",0.0483822689953377,0.510255665833356,TRUE
"39","KSSH_A4",10,0.16,0.73,0.57,"1","1@KSSH_A4",0.0366239940101449,0.386248946921529,TRUE
"40","KSSH_A4",50,0.13,0.64,0.51,"1","1@KSSH_A4",0.0354186027973992,0.37353648616636,TRUE
"41","KSSH_A4",50,0.12,0.74,0.62,"1","1@KSSH_A4",0.0414133180334777,0.436758767340511,TRUE
"42","KSSH_A4",50,0.13,0.56,0.43,"1","1@KSSH_A4",0.0312541967582949,0.329617260788808,TRUE
"43","MIVB_A6",0,0.62,2.61,1.99,"1","1@MIVB_A6",0.0667475492332753,0.933653964268793,TRUE
"44","MIVB_A6",0,0.65,2.27,1.62,"1","1@MIVB_A6",0.0564533048063158,0.789659731839489,TRUE
"45","MIVB_A6",0,0.68,3.83,3.15,"1","1@MIVB_A6",0.0912711616784049,1.27668630389172,TRUE
"46","MIVB_A6",0.1,0.74,3.51,2.77,"1","1@MIVB_A6",0.0816678021423396,1.14235605800044,TRUE
"47","MIVB_A6",0.1,0.84,3.59,2.75,"1","1@MIVB_A6",0.0788426244423572,1.10283792752746,TRUE
"48","MIVB_A6",0.1,0.7,3.51,2.81,"1","1@MIVB_A6",0.0835677105786535,1.16893167109318,TRUE
"49","MIVB_A6",0.5,0.57,4.53,3.96,"1","1@MIVB_A6",0.110693691778979,1.54836552556854,TRUE
"50","MIVB_A6",0.5,0.62,3.54,2.92,"1","1@MIVB_A6",0.0881818635030063,1.23347369876387,TRUE
"51","MIVB_A6",0.5,0.55,4.7,4.15,"1","1@MIVB_A6",0.114959953837817,1.60804131186478,TRUE
"52","MIVB_A6",1,0.45,3.18,2.73,"1","1@MIVB_A6",0.0896606101998441,1.25415816930266,TRUE
"53","MIVB_A6",1,0.4,3.39,2.99,"1","1@MIVB_A6",0.0974226237098196,1.36273196365979,TRUE
"54","MIVB_A6",1,0.43,3.3,2.87,"1","1@MIVB_A6",0.0935624892038989,1.30873702413823,TRUE
"55","MIVB_A6",5,0.22,1.38,1.16,"1","1@MIVB_A6",0.0568777602631197,0.795596946380737,TRUE
"56","MIVB_A6",5,0.2,1.25,1.05,"1","1@MIVB_A6",0.0540671254718606,0.756282239771814,TRUE
"57","MIVB_A6",5,0.23,1.43,1.2,"1","1@MIVB_A6",0.0577281136957551,0.807491553186972,TRUE
"58","MIVB_A6",10,0.23,1.02,0.79,"1","1@MIVB_A6",0.0427468185044286,0.59793560984621,TRUE
"59","MIVB_A6",10,0.18,1.18,1,"1","1@MIVB_A6",0.0533573417013192,0.74635389875028,TRUE
"60","MIVB_A6",10,0.22,1.15,0.93,"1","1@MIVB_A6",0.0486282218442756,0.680203732148659,TRUE
"61","MIVB_A6",50,0.11,0.77,0.66,"1","1@MIVB_A6",0.0439934049159197,0.615372659719376,TRUE
"62","MIVB_A6",50,0.21,0.73,0.52,"1","1@MIVB_A6",0.031928520599828,0.446611001807482,TRUE
"63","MIVB_A6",50,0.19,0.54,0.35,"1","1@MIVB_A6",0.0240954916281865,0.337043854614615,TRUE
"64","Mo4a",0,0.67,6.09,5.42,"1","1@Mo4a",0.132927680846914,1.10893075782345,TRUE
"65","Mo4a",0,0.81,5.6,4.79,"1","1@Mo4a",0.118192230061704,0.986002301522978,TRUE
"66","Mo4a",0,0.91,5.29,4.38,"1","1@Mo4a",0.108490497340362,0.90506694065357,TRUE
"67","Mo4a",0.1,0.8,6.68,5.88,"1","1@Mo4a",0.136222962855433,1.13642119135593,TRUE
"68","Mo4a",0.1,0.81,5.91,5.1,"1","1@Mo4a",0.123400283691969,1.02944976725922,TRUE
"69","Mo4a",0.1,0.73,5.08,4.35,"1","1@Mo4a",0.112796421322113,0.940988514804193,TRUE
"70","Mo4a",0.5,0.32,4.91,4.59,"1","1@Mo4a",0.133000968832298,1.10954215268608,TRUE
"71","Mo4a",0.5,0.37,6.92,6.55,"1","1@Mo4a",0.162995421253357,1.35976671571062,TRUE
"72","Mo4a",0.5,0.41,4.66,4.25,"1","1@Mo4a",0.122380046330627,1.02093857844539,TRUE
"73","Mo4a",1,0.33,3.89,3.56,"1","1@Mo4a",0.112664793336703,0.939890426575463,TRUE
"74","Mo4a",1,0.28,3.55,3.27,"1","1@Mo4a",0.109210508619087,0.911073534975168,TRUE
"75","Mo4a",1,0.3,3.59,3.29,"1","1@Mo4a",0.108566757722941,0.905703132327922,TRUE
"76","Mo4a",5,0.22,1.26,1.04,"1","1@Mo4a",0.0526675522038074,0.43937175617572,TRUE
"77","Mo4a",5,0.25,1.36,1.11,"1","1@Mo4a",0.0536939532105823,0.447934364347486,TRUE
"78","Mo4a",5,0.23,1.35,1.12,"1","1@Mo4a",0.0549933199092781,0.458774150979548,TRUE
"79","Mo4a",10,0.16,0.87,0.71,"1","1@Mo4a",0.0429378824194745,0.35820333422952,TRUE
"80","Mo4a",10,0.15,1.04,0.89,"1","1@Mo4a",0.0509790075795348,0.42528530662749,TRUE
"81","Mo4a",10,0.16,0.88,0.72,"1","1@Mo4a",0.04336870134586,0.361797381424788,TRUE
"82","Mo4a",50,0.2,0.49,0.29,"1","1@Mo4a",0.0203742080402019,0.169969007343878,TRUE
"83","Mo4a",50,0.15,0.57,0.42,"1","1@Mo4a",0.0296348726386537,0.247224818516395,TRUE
"84","Mo4a",50,0.14,0.57,0.43,"1","1@Mo4a",0.0306933403295363,0.256054938556884,TRUE
"85","STJ_7P2ss",0,0.56,3.03,2.47,"1","1@STJ_7P2ss",0.0799825814276917,0.833823057393866,TRUE
"86","STJ_7P2ss",0,0.63,5.69,5.06,"1","1@STJ_7P2ss",0.128284355148396,1.33737185417476,TRUE
"87","STJ_7P2ss",0,0.74,3.41,2.67,"1","1@STJ_7P2ss",0.0795012441612472,0.828805088431372,TRUE
"88","STJ_7P2ss",0.1,0.65,3.38,2.73,"1","1@STJ_7P2ss",0.0831979635567146,0.867343602863323,TRUE
"89","STJ_7P2ss",0.1,0.71,5.13,4.42,"1","1@STJ_7P2ss",0.114638112946148,1.19510898653648,TRUE
"90","STJ_7P2ss",0.1,0.73,4.04,3.31,"1","1@STJ_7P2ss",0.0931376052553246,0.970964944943001,TRUE
"91","STJ_7P2ss",0.5,0.41,4.46,4.05,"1","1@STJ_7P2ss",0.118605448252208,1.23646868755584,TRUE
"92","STJ_7P2ss",0.5,0.42,4.44,4.02,"1","1@STJ_7P2ss",0.117597797296214,1.2259638678074,TRUE
"93","STJ_7P2ss",0.5,0.41,4.38,3.97,"1","1@STJ_7P2ss",0.117071960447882,1.22048198811885,TRUE
"94","STJ_7P2ss",1,0.45,3.27,2.82,"1","1@STJ_7P2ss",0.0916803026792851,0.955772480936326,TRUE
"95","STJ_7P2ss",1,0.31,3.25,2.94,"1","1@STJ_7P2ss",0.100425681509478,1.04694356324068,TRUE
"96","STJ_7P2ss",1,0.24,4.59,4.35,"1","1@STJ_7P2ss",0.133191505676234,1.38852918347293,TRUE
"97","STJ_7P2ss",5,0.19,1.29,1.1,"1","1@STJ_7P2ss",0.0564102355651843,0.588079982512108,TRUE
"98","STJ_7P2ss",5,0.22,1.09,0.87,"1","1@STJ_7P2ss",0.0463432638167509,0.483131217266701,TRUE
"99","STJ_7P2ss",10,0.2,1.05,0.85,"1","1@STJ_7P2ss",0.046544148046585,0.48522544703164,TRUE
"100","STJ_7P2ss",10,0.22,0.89,0.67,"1","1@STJ_7P2ss",0.0382324310270256,0.398575314293587,TRUE
"101","STJ_7P2ss",10,0.16,1.04,0.88,"1","1@STJ_7P2ss",0.0499552722508652,0.520786615005876,TRUE
"102","STJ_7P2ss",50,0.16,0.61,0.45,"1","1@STJ_7P2ss",0.0307100453980393,0.320154007152761,TRUE
"103","STJ_7P2ss",50,0.16,0.64,0.48,"1","1@STJ_7P2ss",0.0322394047741575,0.336097667485877,TRUE
"104","STJ_7P2ss",50,0.16,0.63,0.47,"1","1@STJ_7P2ss",0.0317336808127194,0.330825465811505,TRUE
"105","INMO_A6",0,0.6,3.62,3.02,"10","10@INMO_A6",0.0909177884519708,1.01815804678658,TRUE
"106","INMO_A6",0,0.69,3.66,2.97,"10","10@INMO_A6",0.0872438802548139,0.977015171912683,TRUE
"107","INMO_A6",0,0.84,4.12,3.28,"10","10@INMO_A6",0.0897273552190717,1.00482678130074,TRUE
"108","INMO_A6",1,0.29,3.25,2.96,"10","10@INMO_A6",0.10189740675639,1.14111513711654,TRUE
"109","INMO_A6",1,0.29,3.71,3.42,"10","10@INMO_A6",0.111840070678081,1.25245972051138,TRUE
"110","INMO_A6",1,0.24,3.21,2.97,"10","10@INMO_A6",0.1049190595686,1.17495362106704,TRUE
"111","INMO_A6",5,0.14,1.47,1.33,"10","10@INMO_A6",0.0675633006259786,0.756618912218047,TRUE
"112","INMO_A6",5,0.16,1.35,1.19,"10","10@INMO_A6",0.0614076035623064,0.687683310003423,TRUE
"113","INMO_A6",5,0.17,1.26,1.09,"10","10@INMO_A6",0.0572399874660927,0.641011564720938,TRUE
"114","INMO_A6",10,0.14,1.05,0.91,"10","10@INMO_A6",0.0524316966065533,0.587165116041464,TRUE
"115","INMO_A6",10,0.13,1.21,1.08,"10","10@INMO_A6",0.0595981563780173,0.667419913342686,TRUE
"116","INMO_A6",10,0.15,1,0.85,"10","10@INMO_A6",0.0493828424899058,0.55302201373775,TRUE
"117","INMO_A6",25,0.1,1.01,0.91,"10","10@INMO_A6",0.0555130146462025,0.621671771011792,TRUE
"118","INMO_A6",25,0.11,0.87,0.76,"10","10@INMO_A6",0.0484457849185638,0.542528217938173,TRUE
"119","INMO_A6",25,0.12,0.87,0.75,"10","10@INMO_A6",0.0472571436563223,0.529217020135192,TRUE
"120","INMO_A6",50,0.09,0.55,0.46,"10","10@INMO_A6",0.0355939026471248,0.398604266709069,TRUE
"121","INMO_A6",50,0.1,0.57,0.47,"10","10@INMO_A6",0.0353630547105306,0.3960190775153,TRUE
"122","INMO_A6",50,0.1,0.54,0.44,"10","10@INMO_A6",0.0337400811071894,0.377843936411455,TRUE
"123","INMO_A6",100,0.12,0.74,0.62,"10","10@INMO_A6",0.0414133180334777,0.46377396236592,TRUE
"124","INMO_A6",100,0.13,0.6,0.47,"10","10@INMO_A6",0.0333711321400601,0.373712199749881,TRUE
"125","INMO_A6",100,0.11,0.7,0.59,"10","10@INMO_A6",0.0407020508594053,0.455808718060846,TRUE
"126","KSSH_G2",0,0.71,4.24,3.53,"10","10@KSSH_G2",0.0980489804538711,0.976064787426286,TRUE
"127","KSSH_G2",0,0.75,4.65,3.9,"10","10@KSSH_G2",0.104001133057196,1.03531768876804,TRUE
"128","KSSH_G2",0,0.7,4.28,3.58,"10","10@KSSH_G2",0.0993099449100835,0.988617523805673,TRUE
"129","KSSH_G2",1,0.2,4.26,4.06,"10","10@KSSH_G2",0.130308703925521,1.29720611890194,TRUE
"130","KSSH_G2",1,0.21,4.23,4.02,"10","10@KSSH_G2",0.128831789556134,1.28250362935713,TRUE
"131","KSSH_G2",1,0.23,4.07,3.84,"10","10@KSSH_G2",0.123947691990181,1.23388307633951,TRUE
"132","KSSH_G2",5,0.14,1.16,1.02,"10","10@KSSH_G2",0.0566500522417732,0.5639438670662,TRUE
"133","KSSH_G2",5,0.14,1.2,1.06,"10","10@KSSH_G2",0.0581340444221237,0.578716815294229,TRUE
"134","KSSH_G2",5,0.11,1.15,1.04,"10","10@KSSH_G2",0.0597007726292161,0.594313389856572,TRUE
"135","KSSH_G2",10,0.13,1,0.87,"10","10@KSSH_G2",0.0515383051844779,0.513057093111389,TRUE
"136","KSSH_G2",10,0.16,1.11,0.95,"10","10@KSSH_G2",0.0526763967004902,0.524386645428059,TRUE
"137","KSSH_G2",10,0.15,1.1,0.95,"10","10@KSSH_G2",0.0533167630217006,0.530761408472955,TRUE
"138","KSSH_G2",25,0.1,0.83,0.73,"10","10@KSSH_G2",0.0479412515829164,0.477248894569019,TRUE
"139","KSSH_G2",25,0.11,0.88,0.77,"10","10@KSSH_G2",0.0488766038449493,0.486560204106189,TRUE
"140","KSSH_G2",25,0.12,0.88,0.76,"10","10@KSSH_G2",0.0476879625827078,0.474727435671624,TRUE
"141","KSSH_G2",50,0.12,0.57,0.45,"10","10@KSSH_G2",0.0329303985468319,0.327817814205608,TRUE
"142","KSSH_G2",50,0.11,0.62,0.51,"10","10@KSSH_G2",0.0367318294862243,0.365660562438154,TRUE
"143","KSSH_G2",50,0.11,0.63,0.52,"10","10@KSSH_G2",0.0372415833118087,0.37073509515747,TRUE
"144","KSSH_G2",100,0.1,0.58,0.48,"10","10@KSSH_G2",0.0358945105834113,0.357325162181069,TRUE
"145","KSSH_G2",100,0.1,0.6,0.5,"10","10@KSSH_G2",0.0369438515173649,0.367771214051226,TRUE
"146","KSSH_G2",100,0.12,0.63,0.51,"10","10@KSSH_G2",0.0360529420495672,0.358902326722906,TRUE
"147","MIBer_F3",0,0.74,4.19,3.45,"10","10@MIBer_F3",0.095647577730028,0.950094636573003,TRUE
"148","MIBer_F3",0,0.81,4.81,4,"10","10@MIBer_F3",0.104227676005336,1.03532319694124,TRUE
"149","MIBer_F3",0,0.77,4.6,3.83,"10","10@MIBer_F3",0.102139642617581,1.01458216648576,TRUE
"150","MIBer_F3",1,0.22,4.35,4.13,"10","10@MIBer_F3",0.130297471468977,1.29428190174474,TRUE
"151","MIBer_F3",1,0.21,3.91,3.7,"10","10@MIBer_F3",0.122438362020528,1.21621512878069,TRUE
"152","MIBer_F3",1,0.19,4.07,3.88,"10","10@MIBer_F3",0.127469303564753,1.26618890429618,TRUE
"153","MIBer_F3",5,0.14,1.17,1.03,"10","10@MIBer_F3",0.0570234184981422,0.566429860116927,TRUE
"154","MIBer_F3",5,0.15,1.16,1.01,"10","10@MIBer_F3",0.0555915845508906,0.552207045634508,TRUE
"155","MIBer_F3",5,0.16,1.33,1.17,"10","10@MIBer_F3",0.0607113336190675,0.603062971583874,TRUE
"156","MIBer_F3",10,0.15,0.96,0.81,"10","10@MIBer_F3",0.0477544218622458,0.474358276087532,TRUE
"157","MIBer_F3",10,0.13,1.11,0.98,"10","10@MIBer_F3",0.0558555947237319,0.554829533889519,TRUE
"158","MIBer_F3",10,0.14,1.05,0.91,"10","10@MIBer_F3",0.0524316966065533,0.520818978530912,TRUE
"159","MIBer_F3",25,0.11,0.79,0.68,"10","10@MIBer_F3",0.0449060221077428,0.446064309906729,TRUE
"160","MIBer_F3",25,0.1,0.84,0.74,"10","10@MIBer_F3",0.0483822689953377,0.480594860514396,TRUE
"161","MIBer_F3",25,0.13,0.81,0.68,"10","10@MIBer_F3",0.0434784539909385,0.431883869133344,TRUE
"162","MIBer_F3",50,0.12,0.54,0.42,"10","10@MIBer_F3",0.0313074249434907,0.310985570462429,TRUE
"163","MIBer_F3",50,0.11,0.5,0.39,"10","10@MIBer_F3",0.0302602520679936,0.300583703983565,TRUE
"164","MIBer_F3",50,0.11,0.5,0.39,"10","10@MIBer_F3",0.0302602520679936,0.300583703983565,TRUE
"165","MIBer_F3",100,0.12,0.62,0.5,"10","10@MIBer_F3",0.0355431882239828,0.35306061376303,TRUE
"166","MIBer_F3",100,0.14,0.72,0.58,"10","10@MIBer_F3",0.0382329034570688,0.379778321388378,TRUE
"167","MIBer_F3",100,0.13,0.72,0.59,"10","10@MIBer_F3",0.0393298984607583,0.390675085259332,TRUE
"168","MIVB_C1",0,0.6,5.17,4.57,"10","10@MIVB_C1",0.120830607656727,1.03948795918968,TRUE
"169","MIVB_C1",0,0.79,5.32,4.53,"10","10@MIVB_C1",0.114263952403639,0.982995989149055,TRUE
"170","MIVB_C1",0,0.72,5.1,4.38,"10","10@MIVB_C1",0.113626961690358,0.977516051661264,TRUE
"171","MIVB_C1",1,0.22,5.33,5.11,"10","10@MIVB_C1",0.14827206113159,1.27556275036199,TRUE
"172","MIVB_C1",1,0.24,5.21,4.97,"10","10@MIVB_C1",0.144484478608988,1.24297873458125,TRUE
"173","MIVB_C1",1,0.19,4.83,4.64,"10","10@MIVB_C1",0.142001376254204,1.22161696996473,TRUE
"174","MIVB_C1",5,0.12,1.28,1.16,"10","10@MIVB_C1",0.0632666634115892,0.544273807024856,TRUE
"175","MIVB_C1",5,0.13,1.16,1.03,"10","10@MIVB_C1",0.0577470472454627,0.496789360365965,TRUE
"176","MIVB_C1",5,0.11,1.22,1.11,"10","10@MIVB_C1",0.0622924639023818,0.535892911825301,TRUE
"177","MIVB_C1",10,0.11,1.04,0.93,"10","10@MIVB_C1",0.0554631747499545,0.477141540947976,TRUE
"178","MIVB_C1",10,0.11,0.89,0.78,"10","10@MIVB_C1",0.0493049818119661,0.424163512172421,TRUE
"179","MIVB_C1",10,0.13,0.85,0.72,"10","10@MIVB_C1",0.0452479496470856,0.389261460720197,TRUE
"180","MIVB_C1",25,0.11,0.79,0.68,"10","10@MIVB_C1",0.0449060221077428,0.386319908352341,TRUE
"181","MIVB_C1",25,0.08,0.68,0.6,"10","10@MIVB_C1",0.0436665338582221,0.375656773109371,TRUE
"182","MIVB_C1",25,0.09,0.66,0.57,"10","10@MIVB_C1",0.0412989870513467,0.355289115888308,TRUE
"183","MIVB_C1",50,0.1,0.49,0.39,"10","10@MIVB_C1",0.0309314709811646,0.266098898850946,TRUE
"184","MIVB_C1",50,0.08,0.52,0.44,"10","10@MIVB_C1",0.035323711764607,0.303884700783028,TRUE
"185","MIVB_C1",50,0.1,0.57,0.47,"10","10@MIVB_C1",0.0353630547105306,0.304223162364574,TRUE
"186","MIVB_C1",100,0.08,0.46,0.38,"10","10@MIVB_C1",0.0318678686722454,0.274154590564893,TRUE
"187","MIVB_C1",100,0.09,0.55,0.46,"10","10@MIVB_C1",0.0355939026471248,0.306209113235359,TRUE
"188","MIVB_C1",100,0.08,0.5,0.42,"10","10@MIVB_C1",0.0341950526058371,0.29417501191923,TRUE
"189","Mo1a_2",0,0.76,4.73,3.97,"10","10@Mo1a_2",0.105026029125772,0.997068960326679,TRUE
"190","Mo1a_2",0,0.7,4.59,3.89,"10","10@Mo1a_2",0.105242998195628,0.999128765183679,TRUE
"191","Mo1a_2",0,0.85,4.99,4.14,"10","10@Mo1a_2",0.105735281221194,1.00380227448964,TRUE
"192","Mo1a_2",1,0.25,4.33,4.08,"10","10@Mo1a_2",0.127415383066721,1.20962321989557,TRUE
"193","Mo1a_2",1,0.27,4.49,4.22,"10","10@Mo1a_2",0.128904969551028,1.22376467092049,TRUE
"194","Mo1a_2",1,0.25,3.86,3.61,"10","10@Mo1a_2",0.118051695046597,1.12072865959692,TRUE
"195","Mo1a_2",5,0.12,1.2,1.08,"10","10@Mo1a_2",0.0603711026394193,0.573135564997673,TRUE
"196","Mo1a_2",5,0.15,1.21,1.06,"10","10@Mo1a_2",0.0574426936834452,0.545334593205738,TRUE
"197","Mo1a_2",5,0.14,1.23,1.09,"10","10@Mo1a_2",0.0592308721435706,0.562310739528291,TRUE
"198","Mo1a_2",10,0.14,1.07,0.93,"10","10@Mo1a_2",0.0532145472676731,0.505194509971378,TRUE
"199","Mo1a_2",10,0.13,1.02,0.89,"10","10@Mo1a_2",0.0523403001806986,0.496894809017869,TRUE
"200","Mo1a_2",10,0.14,1.09,0.95,"10","10@Mo1a_2",0.0539901151221542,0.512557395541432,TRUE
"201","Mo1a_2",25,0.14,0.88,0.74,"10","10@Mo1a_2",0.0454509043654122,0.431490044313298,TRUE
"202","Mo1a_2",25,0.15,0.97,0.82,"10","10@Mo1a_2",0.048164658863318,0.457253185111171,TRUE
"203","Mo1a_2",25,0.13,0.99,0.86,"10","10@Mo1a_2",0.0511343000742889,0.485445597024795,TRUE
"204","Mo1a_2",50,0.14,0.65,0.51,"10","10@Mo1a_2",0.0348233959806408,0.330597353003626,TRUE
"205","Mo1a_2",50,0.1,0.49,0.39,"10","10@Mo1a_2",0.0309314709811646,0.293649201719623,TRUE
"206","Mo1a_2",50,0.1,0.48,0.38,"10","10@Mo1a_2",0.0303527997010084,0.288155561938333,TRUE
"207","Mo1a_2",100,0.11,0.58,0.47,"10","10@Mo1a_2",0.034650495681954,0.328955916852162,TRUE
"208","Mo1a_2",100,0.11,0.56,0.45,"10","10@Mo1a_2",0.0335829012341425,0.318820664715234,TRUE
"209","Mo1a_2",100,0.09,0.57,0.48,"10","10@Mo1a_2",0.0366709885035235,0.348137549193391,TRUE
"210","ARLE_C3a",0,0.88,2.94,2.06,"11","11@ARLE_C3a",0.0625895536685167,1.18742979656548,TRUE
"211","ARLE_C3a",0,0.39,1.6,1.21,"11","11@ARLE_C3a",0.0516161949234017,0.979246603386614,TRUE
"212","ARLE_C3a",0,0.37,1.33,0.96,"11","11@ARLE_C3a",0.0439245775533843,0.833323600047904,TRUE
"213","ARLE_C3a",1,0.22,2.59,2.37,"11","11@ARLE_C3a",0.0919069762584633,1.74363093719313,TRUE
"214","ARLE_C3a",1,0.19,1.83,1.64,"11","11@ARLE_C3a",0.0738995691541564,1.40199993806852,TRUE
"215","ARLE_C3a",1,0.21,2.2,1.99,"11","11@ARLE_C3a",0.0826120342710114,1.56729015144953,TRUE
"216","ARLE_C3a",5,0.09,1.31,1.22,"11","11@ARLE_C3a",0.0680696597782054,1.29139668722983,TRUE
"217","ARLE_C3a",5,0.09,0.69,0.6,"11","11@ARLE_C3a",0.0427705986752048,0.81143066705441,TRUE
"218","ARLE_C3a",5,0.07,1.06,0.99,"11","11@ARLE_C3a",0.0616568850177817,1.16973549326256,TRUE
"219","ARLE_C3a",10,0.1,0.95,0.85,"11","11@ARLE_C3a",0.0530702246595803,1.00683200913938,TRUE
"220","ARLE_C3a",10,0.1,1.04,0.94,"11","11@ARLE_C3a",0.0567071896514117,1.07583139237893,TRUE
"221","ARLE_C3a",10,0.12,0.89,0.77,"11","11@ARLE_C3a",0.0481163405497247,0.912848440700329,TRUE
"222","ARLE_C3a",25,0.09,0.93,0.84,"11","11@ARLE_C3a",0.0535468365154479,1.01587414294418,TRUE
"223","ARLE_C3a",25,0.12,0.95,0.83,"11","11@ARLE_C3a",0.0506375684958816,0.960680403252034,TRUE
"224","ARLE_C3a",25,0.07,0.54,0.47,"11","11@ARLE_C3a",0.0379032066185081,0.719087999293942,TRUE
"225","ARLE_C3a",50,0.12,0.56,0.44,"11","11@ARLE_C3a",0.032394259971901,0.614573954817521,TRUE
"226","ARLE_C3a",50,0.03,0.49,0.46,"11","11@ARLE_C3a",0.0424588865861208,0.80551696099911,TRUE
"227","ARLE_C3a",50,0.1,0.57,0.47,"11","11@ARLE_C3a",0.0353630547105306,0.670897017148429,TRUE
"228","ARLE_C3a",100,0.11,0.71,0.6,"11","11@ARLE_C3a",0.0411820110312088,0.781292469985184,TRUE
"229","ARLE_C3a",100,0.09,0.49,0.4,"11","11@ARLE_C3a",0.0322394047741575,0.611636089548062,TRUE
"230","ARLE_C3a",100,0.11,0.41,0.3,"11","11@ARLE_C3a",0.0248767262523858,0.471953613050676,TRUE
"231","MIBer_A5",0,0.35,1.39,1.04,"11","11@MIBer_A5",0.0473415214445796,0.962012285577833,TRUE
"232","MIBer_A5",0,0.41,1.65,1.24,"11","11@MIBer_A5",0.051922434602991,1.05509959251443,TRUE
"233","MIBer_A5",0,0.34,1.4,1.06,"11","11@MIBer_A5",0.0483688408126396,0.98288812190774,TRUE
"234","MIBer_A5",1,0.13,1.51,1.38,"11","11@MIBer_A5",0.0699809028478851,1.42206009104092,TRUE
"235","MIBer_A5",1,0.15,1.84,1.69,"11","11@MIBer_A5",0.0781134713734522,1.58731947849127,TRUE
"236","MIBer_A5",1,0.2,2.05,1.85,"11","11@MIBer_A5",0.0793547568711574,1.6125432537791,TRUE
"237","MIBer_A5",5,0.1,0.53,0.43,"11","11@MIBer_A5",0.0331891150066044,0.674425650244173,TRUE
"238","MIBer_A5",5,0.09,0.39,0.3,"11","11@MIBer_A5",0.0261542009904242,0.531471357584365,TRUE
"239","MIBer_A5",5,0.07,0.42,0.35,"11","11@MIBer_A5",0.0309094437907895,0.628101162780047,TRUE
"240","MIBer_A5",10,0.06,0.35,0.29,"11","11@MIBer_A5",0.0279401998739562,0.567764083621853,TRUE
"241","MIBer_A5",10,0.07,0.32,0.25,"11","11@MIBer_A5",0.0242690416121571,0.493163622073831,TRUE
"242","MIBer_A5",10,0.07,0.3,0.23,"11","11@MIBer_A5",0.0228212612260722,0.463743728590628,TRUE
"243","MIBer_A5",25,0.12,0.52,0.4,"11","11@MIBer_A5",0.030200269964522,0.613690262735818,TRUE
"244","MIBer_A5",25,0.05,0.48,0.43,"11","11@MIBer_A5",0.0378179119173326,0.76848598797071,TRUE
"245","MIBer_A5",25,0.09,0.57,0.48,"11","11@MIBer_A5",0.0366709885035235,0.745179715146487,TRUE
"246","MIBer_A5",50,0.1,0.33,0.23,"11","11@MIBer_A5",0.0208128327294502,0.422931079788945,TRUE
"247","MIBer_A5",50,0.09,0.31,0.22,"11","11@MIBer_A5",0.0206957986644834,0.420552867072208,TRUE
"248","MIBer_A5",50,0.09,0.32,0.23,"11","11@MIBer_A5",0.0214138498938313,0.43514416205447,TRUE
"249","MIBer_A5",100,0.08,0.31,0.23,"11","11@MIBer_A5",0.0220786505078768,0.44865336789865,TRUE
"250","MIBer_A5",100,0.06,0.21,0.15,"11","11@MIBer_A5",0.0171923553575409,0.349360488790711,TRUE
"251","MIBer_A5",100,0.06,0.22,0.16,"11","11@MIBer_A5",0.0180615302330753,0.367022720232903,TRUE
"252","MISTJ_E4",0,0.74,2.61,1.87,"11","11@MISTJ_E4",0.0608774194237804,0.873199237368592,TRUE
"253","MISTJ_E4",0,0.63,2.83,2.2,"11","11@MISTJ_E4",0.0716145980615484,1.02720865969189,TRUE
"254","MISTJ_E4",0,0.73,3.26,2.53,"11","11@MISTJ_E4",0.0766610033323577,1.09959210293952,TRUE
"255","MISTJ_E4",1,0.25,4.03,3.78,"11","11@MISTJ_E4",0.121501127556525,1.74275935028117,TRUE
"256","MISTJ_E4",1,0.22,4.2,3.98,"11","11@MISTJ_E4",0.127373743662309,1.82699360254525,TRUE
"257","MISTJ_E4",1,0.2,3.76,3.56,"11","11@MISTJ_E4",0.120241562824201,1.72469270136451,TRUE
"258","MISTJ_E4",5,0.14,1.03,0.89,"11","11@MISTJ_E4",0.0516413540394049,0.740721130933404,TRUE
"259","MISTJ_E4",5,0.15,1.05,0.9,"11","11@MISTJ_E4",0.0513732289156707,0.736875260727668,TRUE
"260","MISTJ_E4",5,0.22,1.42,1.2,"11","11@MISTJ_E4",0.0582401585261338,0.835371513618735,TRUE
"261","MISTJ_E4",10,0.12,0.8,0.68,"11","11@MISTJ_E4",0.0441693570918377,0.633546055215799,TRUE
"262","MISTJ_E4",10,0.09,0.82,0.73,"11","11@MISTJ_E4",0.0488055031329575,0.700044918435579,TRUE
"263","MISTJ_E4",10,0.19,1.03,0.84,"11","11@MISTJ_E4",0.0466664789413964,0.669363685386229,TRUE
"264","MISTJ_E4",25,0.13,0.9,0.77,"11","11@MISTJ_E4",0.0474022553699172,0.679917342593439,TRUE
"265","MISTJ_E4",25,0.14,0.86,0.72,"11","11@MISTJ_E4",0.0445867833447445,0.63953343590877,TRUE
"266","MISTJ_E4",25,0.13,0.86,0.73,"11","11@MISTJ_E4",0.045683778348434,0.655268255316122,TRUE
"267","MISTJ_E4",50,0.13,0.68,0.55,"11","11@MISTJ_E4",0.037403028844531,0.536492784540764,TRUE
"268","MISTJ_E4",50,0.12,0.65,0.53,"11","11@MISTJ_E4",0.0370604541979364,0.531579042746523,TRUE
"269","MISTJ_E4",50,0.13,0.66,0.53,"11","11@MISTJ_E4",0.036418333881049,0.52236874808699,TRUE
"270","MISTJ_E4",100,0.13,0.73,0.6,"11","11@MISTJ_E4",0.0398031920333865,0.570919681835463,TRUE
"271","MISTJ_E4",100,0.18,0.63,0.45,"11","11@MISTJ_E4",0.0297780329810398,0.427123158890398,TRUE
"272","MISTJ_E4",100,0.15,0.77,0.62,"11","11@MISTJ_E4",0.0395092377454999,0.566703329328518,TRUE
"273","MISTJ_F6",0,0.63,3.88,3.25,"11","11@MISTJ_F6",0.0947875710307349,1.05993808293822,TRUE
"274","MISTJ_F6",0,0.68,4.05,3.37,"11","11@MISTJ_F6",0.0957381408201349,1.0705675896269,TRUE
"275","MISTJ_F6",0,0.62,3.07,2.45,"11","11@MISTJ_F6",0.0777566696104445,0.86949432743488,TRUE
"276","MISTJ_F6",1,0.31,4.84,4.53,"11","11@MISTJ_F6",0.132441374012765,1.48099222868866,TRUE
"277","MISTJ_F6",1,0.14,4.04,3.9,"11","11@MISTJ_F6",0.131843802285022,1.4743100337064,TRUE
"278","MISTJ_F6",1,0.14,3.39,3.25,"11","11@MISTJ_F6",0.118240396702436,1.32219338510106,TRUE
"279","MISTJ_F6",5,0.1,1.35,1.25,"11","11@MISTJ_F6",0.0681595209628529,0.762176635583668,TRUE
"280","MISTJ_F6",5,0.13,1.56,1.43,"11","11@MISTJ_F6",0.0716073023911688,0.800730580977355,TRUE
"281","MISTJ_F6",5,0.12,1.26,1.14,"11","11@MISTJ_F6",0.0625514617265064,0.69946592898639,TRUE
"282","MISTJ_F6",10,0.14,1.25,1.11,"11","11@MISTJ_F6",0.0599546740318289,0.670428006176852,TRUE
"283","MISTJ_F6",10,0.13,1.44,1.31,"11","11@MISTJ_F6",0.0676580075715566,0.756568588697794,TRUE
"284","MISTJ_F6",10,0.14,1.02,0.88,"11","11@MISTJ_F6",0.051243305177009,0.573015323233943,TRUE
"285","MISTJ_F6",25,0.16,1.22,1.06,"11","11@MISTJ_F6",0.0567845614032925,0.63497902203631,TRUE
"286","MISTJ_F6",25,0.13,0.87,0.74,"11","11@MISTJ_F6",0.0461170804427162,0.515692609311724,TRUE
"287","MISTJ_F6",25,0.13,0.81,0.68,"11","11@MISTJ_F6",0.0434784539909385,0.486186835163546,TRUE
"288","MISTJ_F6",50,0.14,0.79,0.65,"11","11@MISTJ_F6",0.0414803226282057,0.463843235648932,TRUE
"289","MISTJ_F6",50,0.13,0.8,0.67,"11","11@MISTJ_F6",0.0430292938782316,0.481164215598365,TRUE
"290","MISTJ_F6",50,0.08,0.42,0.34,"11","11@MISTJ_F6",0.0294371039158571,0.329172982834527,TRUE
"291","MISTJ_F6",100,0.09,0.69,0.6,"11","11@MISTJ_F6",0.0427705986752048,0.478271421800826,TRUE
"292","MISTJ_F6",100,0.13,0.8,0.67,"11","11@MISTJ_F6",0.0430292938782316,0.481164215598365,TRUE
"293","MISTJ_F6",100,0.11,0.78,0.67,"11","11@MISTJ_F6",0.0444511760844586,0.497064054400475,TRUE
"294","MITU_B1",0,0.55,2.58,2.03,"12","12@MITU_B1",0.0696869235245022,1.0366998813109,TRUE
"295","MITU_B1",0,0.45,2.29,1.84,"12","12@MITU_B1",0.0679005550381728,1.01012490993762,TRUE
"296","MITU_B1",0,0.41,2.06,1.65,"12","12@MITU_B1",0.0640723984589675,0.953175208751484,TRUE
"297","MITU_B1",1,0.19,3.34,3.15,"12","12@MITU_B1",0.112167078683008,1.66865735028149,TRUE
"298","MITU_B1",1,0.21,2.52,2.31,"12","12@MITU_B1",0.0910112929892795,1.35393258689003,TRUE
"299","MITU_B1",1,0.21,2.48,2.27,"12","12@MITU_B1",0.0899917853381107,1.33876584673984,TRUE
"300","MITU_B1",5,0.08,0.52,0.44,"12","12@MITU_B1",0.035323711764607,0.525494396103633,TRUE
"301","MITU_B1",5,0.08,0.51,0.43,"12","12@MITU_B1",0.0347621487061424,0.517140284218437,TRUE
"302","MITU_B1",5,0.08,0.61,0.53,"12","12@MITU_B1",0.0401527484349721,0.597333723911715,TRUE
"303","MITU_B1",10,0.05,0.32,0.27,"12","12@MITU_B1",0.0275710283171626,0.410161337858055,TRUE
"304","MITU_B1",10,0.08,0.38,0.3,"12","12@MITU_B1",0.0268875578220756,0.399993665857339,TRUE
"305","MITU_B1",10,0.08,0.36,0.28,"12","12@MITU_B1",0.0255624054240115,0.380279991263728,TRUE
"306","MITU_B1",25,0.08,0.42,0.34,"12","12@MITU_B1",0.0294371039158571,0.437922074791772,TRUE
"307","MITU_B1",25,0.05,0.34,0.29,"12","12@MITU_B1",0.0289742294318527,0.431036106831651,TRUE
"308","MITU_B1",25,0.1,0.44,0.34,"12","12@MITU_B1",0.0279755171765255,0.416178730092994,TRUE
"309","MITU_B1",50,0.06,0.26,0.2,"12","12@MITU_B1",0.0213548156855779,0.317685639815491,TRUE
"310","MITU_B1",50,0.09,0.27,0.18,"12","12@MITU_B1",0.0177006617253464,0.263324494491982,TRUE
"311","MITU_B1",50,0.08,0.28,0.2,"12","12@MITU_B1",0.0198520219873599,0.295329278395266,TRUE
"312","MITU_B1",100,0.05,0.29,0.24,"12","12@MITU_B1",0.0253812518409024,0.377585053840608,TRUE
"313","MITU_B1",100,0.1,0.28,0.18,"12","12@MITU_B1",0.0171612363509736,0.255299714614998,TRUE
"314","MITU_B1",100,0.07,0.32,0.25,"12","12@MITU_B1",0.0242690416121571,0.361039220651006,TRUE
"315","14Fv1",0,0.71,3.72,3.01,"13","13@14Fv1",0.087539266885855,0.953115017404008,TRUE
"316","14Fv1",0,0.69,3.91,3.22,"13","13@14Fv1",0.0924230879491791,1.00628936262485,TRUE
"317","14Fv1",0,0.75,4.21,3.46,"13","13@14Fv1",0.0955739612046135,1.04059561997114,TRUE
"318","14Fv1",1,0.44,3.45,3.01,"13","13@14Fv1",0.0962420869978444,1.04787007804803,TRUE
"319","14Fv1",1,0.42,3.26,2.84,"13","13@14Fv1",0.0932905964635783,1.01573467125279,TRUE
"320","14Fv1",1,0.45,3.81,3.36,"13","13@14Fv1",0.103254893587206,1.12422451317468,TRUE
"321","14Fv1",5,0.18,1.53,1.35,"13","13@14Fv1",0.0654998007873332,0.713152462754582,TRUE
"322","14Fv1",5,0.25,1.91,1.66,"13","13@14Fv1",0.0710901036724484,0.774018881005353,TRUE
"323","14Fv1",5,0.17,1.54,1.37,"13","13@14Fv1",0.0667885051493501,0.727183691529139,TRUE
"324","14Fv1",10,0.14,1.5,1.36,"13","13@14Fv1",0.0685554123800619,0.746421524742285,TRUE
"325","14Fv1",10,0.15,1.17,1.02,"13","13@14Fv1",0.0559649508072596,0.609338379909311,TRUE
"326","14Fv1",10,0.15,1.19,1.04,"13","13@14Fv1",0.0567069269116361,0.617416909611397,TRUE
"327","14Fv1",25,0.13,0.92,0.79,"13","13@14Fv1",0.0482471701034557,0.525308287454711,TRUE
"328","14Fv1",25,0.12,0.83,0.71,"13","13@14Fv1",0.0455085954192177,0.495491077981924,TRUE
"329","14Fv1",25,0.11,0.88,0.77,"13","13@14Fv1",0.0488766038449493,0.532161472006285,TRUE
"330","14Fv1",50,0.09,0.72,0.63,"13","13@14Fv1",0.044210551631056,0.481358162871291,TRUE
"331","14Fv1",50,0.1,0.7,0.6,"13","13@14Fv1",0.0419460657608625,0.45670276459848,TRUE
"332","14Fv1",50,0.11,0.85,0.74,"13","13@14Fv1",0.0475766541229332,0.518007805360444,TRUE
"333","Mont1",0,0.81,4.55,3.74,"14","14@Mont1",0.0993838409099339,0.961123208730227,TRUE
"334","Mont1",0,0.78,5.1,4.32,"14","14@Mont1",0.110834388542506,1.07185939060419,TRUE
"335","Mont1",0,0.89,4.77,3.88,"14","14@Mont1",0.0999933230536118,0.967017400665578,TRUE
"336","Mont1",1,0.23,4.39,4.16,"14","14@Mont1",0.130218948059656,1.25932397108695,TRUE
"337","Mont1",1,0.34,4.54,4.2,"14","14@Mont1",0.12473686731703,1.20630775652299,TRUE
"338","Mont1",1,0.27,4.16,3.89,"14","14@Mont1",0.122509138744081,1.18476379510422,TRUE
"339","Mont1",5,0.12,2.13,2.01,"14","14@Mont1",0.0897095120296671,0.867564518196824,TRUE
"340","Mont1",5,0.13,2.05,1.92,"14","14@Mont1",0.0863393004348153,0.834971809437668,TRUE
"341","Mont1",5,0.12,1.76,1.64,"14","14@Mont1",0.0790058655629633,0.764051482848197,TRUE
"342","Mont1",10,0.1,1.78,1.68,"14","14@Mont1",0.082044339657439,0.793436018046154,TRUE
"343","Mont1",10,0.1,1.78,1.68,"14","14@Mont1",0.082044339657439,0.793436018046154,TRUE
"344","Mont1",10,0.1,1.84,1.74,"14","14@Mont1",0.0838416534453292,0.810817515672892,TRUE
"345","Mont1",25,0.07,0.8,0.73,"14","14@Mont1",0.0507651387668551,0.490940505181845,TRUE
"346","Mont1",25,0.09,0.76,0.67,"14","14@Mont1",0.0460846001246095,0.445675859770347,TRUE
"347","Mont1",25,0.06,0.76,0.7,"14","14@Mont1",0.0505216308782942,0.488585584290662,TRUE
"348","Mont1",50,0.06,0.48,0.42,"14","14@Mont1",0.036097764247686,0.349094970410379,TRUE
"349","Mont1",50,0.08,0.75,0.67,"14","14@Mont1",0.0470036571060495,0.454563894152194,TRUE
"350","Mont1",50,0.07,0.6,0.53,"14","14@Mont1",0.0411069770286836,0.397538164165067,TRUE
"351","Mont1",100,0.07,0.68,0.61,"14","14@Mont1",0.0451388737331545,0.43652991033215,TRUE
"352","Mont1",100,0.08,0.85,0.77,"14","14@Mont1",0.0515114546607767,0.498157991647701,TRUE
"353","Mont1",100,0.07,0.54,0.47,"14","14@Mont1",0.0379032066185081,0.366555078097248,TRUE
"354","MIBer_E6",0,0.65,4.14,3.49,"3","3@MIBer_E6",0.0990131134931641,1.21563889176668,TRUE
"355","MIBer_E6",0,0.72,2.75,2.03,"3","3@MIBer_E6",0.0652674061636671,0.801324132714639,TRUE
"356","MIBer_E6",0,0.58,3.08,2.5,"3","3@MIBer_E6",0.0800678164249535,0.983036975518684,TRUE
"357","MIBer_E6",1,0.3,4.08,3.78,"3","3@MIBer_E6",0.118655390774864,1.45679802053348,TRUE
"358","MIBer_E6",1,0.24,3.56,3.32,"3","3@MIBer_E6",0.112587922520202,1.38230434868832,TRUE
"359","MIBer_E6",1,0.29,4.19,3.9,"3","3@MIBer_E6",0.121577412302626,1.49267329893256,TRUE
"360","MIBer_E6",5,0.19,0.91,0.72,"3","3@MIBer_E6",0.0417540032584299,0.512637048338089,TRUE
"361","MIBer_E6",5,0.18,0.84,0.66,"3","3@MIBer_E6",0.0396747037631116,0.487108335575065,TRUE
"362","MIBer_E6",5,0.22,1.14,0.92,"3","3@MIBer_E6",0.0482516088331391,0.592411754549321,TRUE
"363","MIBer_E6",10,0.17,0.7,0.53,"3","3@MIBer_E6",0.0342019353367501,0.419916123250815,TRUE
"364","MIBer_E6",10,0.17,1.17,1,"3","3@MIBer_E6",0.0539490024550241,0.662361814941524,TRUE
"365","MIBer_E6",10,0.18,0.71,0.53,"3","3@MIBer_E6",0.0337184607004399,0.413980237080323,TRUE
"366","MIBer_E6",50,0.13,0.4,0.27,"3","3@MIBer_E6",0.0219147679963062,0.269059757243092,TRUE
"367","MIBer_E6",50,0.16,0.35,0.19,"3","3@MIBer_E6",0.0154433179267321,0.189606176670217,TRUE
"368","MIBer_E6",50,0.14,0.3,0.16,"3","3@MIBer_E6",0.0139884213337591,0.171743604536891,TRUE
"369","MIBer_E6",100,0.14,0.4,0.26,"3","3@MIBer_E6",0.0208177729926167,0.255591341358455,TRUE
"370","MIBer_E6",100,0.11,0.61,0.5,"3","3@MIBer_E6",0.0362179478971285,0.444667827224404,TRUE
"371","MIBer_E6",100,0.13,0.52,0.39,"3","3@MIBer_E6",0.0290602067509159,0.356788270592388,TRUE
"372","MIBer_E6",200,0.18,0.64,0.46,"3","3@MIBer_E6",0.0302837569424779,0.371810474686537,TRUE
"373","MIBer_E6",200,0.27,0.71,0.44,"3","3@MIBer_E6",0.0260332980003124,0.319625233604197,TRUE
"374","MIBer_E6",200,0.17,0.53,0.36,"3","3@MIBer_E6",0.025444984582492,0.312402183585675,TRUE
"375","MISTJ_A1",0,0.69,4.69,4,"3","3@MISTJ_A1",0.107597272222103,1.20259679277319,TRUE
"376","MISTJ_A1",0,0.58,3.79,3.21,"3","3@MISTJ_A1",0.0955265591018497,1.06768444244021,TRUE
"377","MISTJ_A1",0,0.58,2.47,1.89,"3","3@MISTJ_A1",0.0652885065486184,0.729718764786597,TRUE
"378","MISTJ_A1",1,0.18,4.57,4.39,"3","3@MISTJ_A1",0.138104886386413,1.54357531566204,TRUE
"379","MISTJ_A1",1,0.21,3.97,3.76,"3","3@MISTJ_A1",0.123656519159883,1.38208832134895,TRUE
"380","MISTJ_A1",1,0.13,5.1,4.97,"3","3@MISTJ_A1",0.152956860151117,1.70957335303715,TRUE
"381","MISTJ_A1",5,0.16,1.15,0.99,"3","3@MISTJ_A1",0.0541928701301268,0.605704684363522,TRUE
"382","MISTJ_A1",5,0.26,1.27,1.01,"3","3@MISTJ_A1",0.0497325715406961,0.555852669831147,TRUE
"383","MISTJ_A1",10,0.14,0.63,0.49,"3","3@MISTJ_A1",0.0338158838322715,0.377954502020608,TRUE
"384","MISTJ_A1",10,0.16,0.67,0.51,"3","3@MISTJ_A1",0.0337333205337595,0.377031705782926,TRUE
"385","MISTJ_A1",10,0.15,0.68,0.53,"3","3@MISTJ_A1",0.0352475661499589,0.393956176858301,TRUE
"386","MISTJ_A1",50,0.13,0.26,0.13,"3","3@MISTJ_A1",0.0120371317615955,0.134537017079783,TRUE
"387","MISTJ_A1",50,0.08,0.19,0.11,"3","3@MISTJ_A1",0.0123353751153891,0.137870433376785,TRUE
"388","MISTJ_A1",50,0.09,0.47,0.38,"3","3@MISTJ_A1",0.0310760023329179,0.347331302792102,TRUE
"389","MISTJ_A1",100,0.09,0.33,0.24,"3","3@MISTJ_A1",0.0221207665224431,0.247240123510399,TRUE
"390","MISTJ_A1",100,0.11,1.22,1.11,"3","3@MISTJ_A1",0.0622924639023818,0.696232495079514,TRUE
"391","MISTJ_A1",100,0.08,0.36,0.28,"3","3@MISTJ_A1",0.0255624054240115,0.285706748355368,TRUE
"392","MISTJ_A1",200,0.1,0.33,0.23,"3","3@MISTJ_A1",0.0208128327294502,0.232621565324592,TRUE
"393","MISTJ_A1",200,0.12,0.38,0.26,"3","3@MISTJ_A1",0.0217641160219906,0.243253900262102,TRUE
"394","MISTJ_A1",200,0.09,0.41,0.32,"3","3@MISTJ_A1",0.0274286749468359,0.306565732010327,TRUE
"395","AL1a",0,1.18,5.76,4.58,"2","2@AL1a",0.105884034337789,0.997511304831519,TRUE
"396","AL1a",0,1.14,5.38,4.24,"2","2@AL1a",0.1008911922632,0.950474785645333,TRUE
"397","AL1a",0,1.41,6.62,5.21,"2","2@AL1a",0.111669387986129,1.05201390952315,TRUE
"398","AL1a",0.1,0.98,6.42,5.44,"2","2@AL1a",0.124429787987678,1.17222696463882,TRUE
"399","AL1a",0.1,1.01,5.19,4.18,"2","2@AL1a",0.102615574223464,0.966719826835611,TRUE
"400","AL1a",0.1,0.94,5.46,4.52,"2","2@AL1a",0.11018850802542,1.0380628496571,TRUE
"401","AL1a",0.5,0.6,4.85,4.25,"2","2@AL1a",0.115068471283765,1.08403596116353,TRUE
"402","AL1a",0.5,0.51,5.06,4.55,"2","2@AL1a",0.12374301893081,1.16575705723191,TRUE
"403","AL1a",0.5,0.65,5.41,4.76,"2","2@AL1a",0.122486759110528,1.153922096651,TRUE
"404","AL1a",1,0.44,3.56,3.12,"2","2@AL1a",0.0986099636239322,0.928983808551317,TRUE
"405","AL1a",1,0.52,4.14,3.62,"2","2@AL1a",0.105873297726579,0.997410157466624,TRUE
"406","AL1a",1,0.43,3.95,3.52,"2","2@AL1a",0.107334395543108,1.01117485389671,TRUE
"407","AL1a",5,0.29,1.26,0.97,"2","2@AL1a",0.0470679782656268,0.443417562516985,TRUE
"408","AL1a",5,0.19,0.91,0.72,"2","2@AL1a",0.0417540032584299,0.393355717249919,TRUE
"409","AL1a",5,0.25,1.35,1.1,"2","2@AL1a",0.053347752368767,0.502577998732391,TRUE
"410","AL1a",10,0.23,1.01,0.78,"2","2@AL1a",0.0423468135926277,0.398940459214858,TRUE
"411","AL1a",10,0.21,0.87,0.66,"2","2@AL1a",0.0382424090091577,0.360273723505181,TRUE
"412","AL1a",10,0.19,0.84,0.65,"2","2@AL1a",0.0387376795163349,0.364939563194315,TRUE
"413","AL1a",50,0.23,0.62,0.39,"2","2@AL1a",0.0248096433341068,0.233726452239809,TRUE
"414","AL1a",50,0.17,0.44,0.27,"2","2@AL1a",0.0202313867524131,0.190595656126679,TRUE
"415","AL1a",50,0.15,0.48,0.33,"2","2@AL1a",0.0246246176291314,0.231983363836051,TRUE
"416","MIBer_D1",0,1.15,5.89,4.74,"2","2@MIBer_D1",0.109174850587904,1.05526882694001,TRUE
"417","MIBer_D1",0,1.14,5.06,3.92,"2","2@MIBer_D1",0.0952462074810288,0.920636511959888,TRUE
"418","MIBer_D1",0,1.33,6.09,4.76,"2","2@MIBer_D1",0.105949667761606,1.0240946611001,TRUE
"419","MIBer_D1",0.1,0.9,4.94,4.04,"2","2@MIBer_D1",0.102676683303686,0.992458451378694,TRUE
"420","MIBer_D1",0.1,1,5.77,4.77,"2","2@MIBer_D1",0.113005757460126,1.09229783663772,TRUE
"421","MIBer_D1",0.1,1.1,4.99,3.89,"2","2@MIBer_D1",0.0955110051520067,0.923196009189557,TRUE
"422","MIBer_D1",0.5,0.76,5.91,5.15,"2","2@MIBer_D1",0.125674790728596,1.21475493920016,TRUE
"423","MIBer_D1",0.5,0.67,5.59,4.92,"2","2@MIBer_D1",0.12458779396472,1.20424818060396,TRUE
"424","MIBer_D1",0.5,0.63,5.51,4.88,"2","2@MIBer_D1",0.125218938281364,1.21034873324103,TRUE
"425","MIBer_D1",1,0.55,4.4,3.85,"2","2@MIBer_D1",0.109291408706634,1.05639546140353,TRUE
"426","MIBer_D1",1,0.45,3.93,3.48,"2","2@MIBer_D1",0.105713199023883,1.02180898737469,TRUE
"427","MIBer_D1",1,0.61,4.85,4.24,"2","2@MIBer_D1",0.114550360002544,1.10722774864812,TRUE
"428","MIBer_D1",10,0.23,1.1,0.87,"2","2@MIBer_D1",0.0458787440400028,0.443457519235099,TRUE
"429","MIBer_D1",10,0.29,1.19,0.9,"2","2@MIBer_D1",0.0445189693589348,0.430314127466151,TRUE
"430","MIBer_D1",10,0.28,1.16,0.88,"2","2@MIBer_D1",0.0441585302717939,0.42683017369271,TRUE
"431","MITU_B1",0,0.95,2.98,2.03,"2","2@MITU_B1",0.060576891772172,0.945344189129006,TRUE
"432","MITU_B1",0,1.1,3.82,2.72,"2","2@MITU_B1",0.0729959106399592,1.13915154665241,TRUE
"433","MITU_B1",0,1.02,3.02,2,"2","2@MITU_B1",0.0586647734954901,0.91550426421858,TRUE
"434","MITU_B1",0.1,0.82,2.97,2.15,"2","2@MITU_B1",0.0659159035956082,1.02866315210847,TRUE
"435","MITU_B1",0.1,0.85,2.46,1.61,"2","2@MITU_B1",0.0521056700232075,0.813144929296963,TRUE
"436","MITU_B1",0.1,0.93,3.69,2.76,"2","2@MITU_B1",0.0770982954862962,1.20317209248433,TRUE
"437","MITU_B1",0.5,0.63,3.25,2.62,"2","2@MITU_B1",0.0813279481677023,1.26917874068674,TRUE
"438","MITU_B1",0.5,0.6,3.42,2.82,"2","2@MITU_B1",0.0866214397869251,1.35178732947429,TRUE
"439","MITU_B1",0.5,0.52,3.02,2.5,"2","2@MITU_B1",0.0819448669252728,1.27880618352134,TRUE
"440","MITU_B1",1,0.52,2.96,2.44,"2","2@MITU_B1",0.0805465096397432,1.25698385333026,TRUE
"441","MITU_B1",1,0.45,3.22,2.77,"2","2@MITU_B1",0.0905617333577775,1.41327832912276,TRUE
"442","MITU_B1",1,0.52,2.58,2.06,"2","2@MITU_B1",0.0713399662504134,1.11330939198945,TRUE
"443","MITU_B1",5,0.2,0.72,0.52,"2","2@MITU_B1",0.0323453548971005,0.50477157877777,TRUE
"444","MITU_B1",5,0.21,0.78,0.57,"2","2@MITU_B1",0.0342478001750525,0.53446054986945,TRUE
"445","MITU_B1",5,0.19,0.77,0.58,"2","2@MITU_B1",0.0355928303383741,0.555450673527188,TRUE
"446","MITU_B1",10,0.19,0.59,0.4,"2","2@MITU_B1",0.0267768148710949,0.417870669841816,TRUE
"447","MITU_B1",10,0.2,0.96,0.76,"2","2@MITU_B1",0.0429253409931601,0.669879561118493,TRUE
"448","MITU_B1",10,0.18,0.9,0.72,"2","2@MITU_B1",0.042267409514996,0.659612086483664,TRUE
"449","MITU_B1",50,0.12,0.35,0.23,"2","2@MITU_B1",0.0197625791635799,0.308408682385956,TRUE
"450","MITU_B1",50,0.14,0.46,0.32,"2","2@MITU_B1",0.0245073686548647,0.382454395908138,TRUE
"451","MITU_B1",50,0.16,0.43,0.27,"2","2@MITU_B1",0.0206125739424991,0.321673437336793,TRUE
"452","MIVB_A5",0,1.01,5.33,4.32,"2","2@MIVB_A5",0.105075612171786,0.960871177115412,TRUE
"453","MIVB_A5",0,1.05,5.71,4.66,"2","2@MIVB_A5",0.110006132521263,1.00595866025325,TRUE
"454","MIVB_A5",0,0.87,5.45,4.58,"2","2@MIVB_A5",0.112981833467018,1.03317016263133,TRUE
"455","MIVB_A5",0.1,0.89,5.8,4.91,"2","2@MIVB_A5",0.118070436788958,1.07970324640564,TRUE
"456","MIVB_A5",0.1,0.79,5.84,5.05,"2","2@MIVB_A5",0.123137580640924,1.12604009257782,TRUE
"457","MIVB_A5",0.1,0.84,5.41,4.57,"2","2@MIVB_A5",0.113597600476826,1.03880108649001,TRUE
"458","MIVB_A5",0.5,0.41,4.09,3.68,"2","2@MIVB_A5",0.111392174282346,1.01863341466083,TRUE
"459","MIVB_A5",0.5,0.4,3.88,3.48,"2","2@MIVB_A5",0.10778568187039,0.985653596247127,TRUE
"460","MIVB_A5",0.5,0.35,3.69,3.34,"2","2@MIVB_A5",0.107141962881473,0.979767063589089,TRUE
"461","MIVB_A5",1,0.24,2.66,2.42,"2","2@MIVB_A5",0.0919671492144254,0.840999934191599,TRUE
"462","MIVB_A5",1,0.4,2.91,2.51,"2","2@MIVB_A5",0.0865157870051279,0.791149576771206,TRUE
"463","MIVB_A5",1,0.4,2.66,2.26,"2","2@MIVB_A5",0.0804772201210703,0.735929485733444,TRUE
"464","MIVB_A5",10,0.15,0.72,0.57,"2","2@MIVB_A5",0.0371744357661862,0.339944189855007,TRUE
"465","MIVB_A5",10,0.16,0.79,0.63,"2","2@MIVB_A5",0.0393981196086536,0.360278820004494,TRUE
"466","MIVB_A5",10,0.15,0.72,0.57,"2","2@MIVB_A5",0.0371744357661862,0.339944189855007,TRUE
"467","LE-11-1",0,0.67,2.13,1.46,"3","3@LE-11-1",0.0516569302590598,0.957191929815992,TRUE
"468","LE-11-1",0,0.64,1.62,0.98,"3","3@LE-11-1",0.0381063482691963,0.706102527872049,TRUE
"469","LE-11-1",0,0.72,3.04,2.32,"3","3@LE-11-1",0.0721382021987811,1.33670554231196,TRUE
"470","LE-11-1",1,0.41,3.77,3.36,"3","3@LE-11-1",0.104885774155631,1.94351108497518,TRUE
"471","LE-11-1",1,0.41,3.93,3.52,"3","3@LE-11-1",0.10817209596829,2.00440592913414,TRUE
"472","LE-11-1",1,0.38,2.17,1.79,"3","3@LE-11-1",0.0690447624776624,1.27938476228152,TRUE
"473","LE-11-1",5,0.24,1.38,1.14,"3","3@LE-11-1",0.0551967676692615,1.02278436407241,TRUE
"474","LE-11-1",5,0.18,1.16,0.98,"3","3@LE-11-1",0.0526122013905415,0.974892900687758,TRUE
"475","LE-11-1",5,0.18,1.23,1.05,"3","3@LE-11-1",0.0551930212923389,1.02271494450492,TRUE
"476","LE-11-1",10,0.21,1.17,0.96,"3","3@LE-11-1",0.0502457420682732,0.931042912812883,TRUE
"477","LE-11-1",10,0.21,1.12,0.91,"3","3@LE-11-1",0.0483625692646949,0.896148121330032,TRUE
"478","LE-11-1",10,0.21,1.17,0.96,"3","3@LE-11-1",0.0502457420682732,0.931042912812883,TRUE
"479","LE-11-1",50,0.15,0.58,0.43,"3","3@LE-11-1",0.0301663285115343,0.558975650674762,TRUE
"480","LE-11-1",50,0.17,0.65,0.48,"3","3@LE-11-1",0.0317489799375227,0.588301844954419,TRUE
"481","LE-11-1",50,0.13,0.61,0.48,"3","3@LE-11-1",0.0338892434212809,0.62796047205555,TRUE
"482","LE-11-1",100,0.12,0.78,0.66,"3","3@LE-11-1",0.0432625348222171,0.801645567933198,TRUE
"483","LE-11-1",100,0.16,0.56,0.4,"3","3@LE-11-1",0.0280749987350533,0.520223754760844,TRUE
"484","LE-11-1",100,0.14,1.02,0.88,"3","3@LE-11-1",0.051243305177009,0.949527545027293,TRUE
"485","LE-11-1",200,0.18,0.57,0.39,"3","3@LE-11-1",0.0266554894783045,0.493920550175422,TRUE
"486","LE-11-1",200,0.16,0.51,0.35,"3","3@LE-11-1",0.0253194456692096,0.469163942581187,TRUE
"487","Ca2a",0,0.48,2.21,1.73,"4","4@Ca2a",0.063978014861694,1.01753062332538,TRUE
"488","Ca2a",0,0.4,2.29,1.89,"4","4@Ca2a",0.0709927057628113,1.12909492897755,TRUE
"489","Ca2a",0,0.63,2.13,1.5,"4","4@Ca2a",0.0536565699800999,0.853374447697069,TRUE
"490","Ca2a",1,0.14,3.13,2.99,"4","4@Ca2a",0.11243612205477,1.78822674642221,TRUE
"491","Ca2a",1,0.16,2.49,2.33,"4","4@Ca2a",0.09494290183426,1.51000793464096,TRUE
"492","Ca2a",1,0.23,4.06,3.83,"4","4@Ca2a",0.12374781314337,1.96813217345256,TRUE
"493","Ca2a",5,0.11,0.84,0.73,"4","4@Ca2a",0.0471382540938805,0.749704678619759,TRUE
"494","Ca2a",5,0.06,1.15,1.09,"4","4@Ca2a",0.0666897520773509,1.06065912090861,TRUE
"495","Ca2a",5,0.08,0.84,0.76,"4","4@Ca2a",0.051073054631724,0.812285239341879,TRUE
"496","Ca2a",10,0.07,0.76,0.69,"4","4@Ca2a",0.0489397918429353,0.778357018532193,TRUE
"497","Ca2a",10,0.13,0.64,0.51,"4","4@Ca2a",0.0354186027973992,0.563310897652279,TRUE
"498","Ca2a",10,0.08,0.75,0.67,"4","4@Ca2a",0.0470036571060495,0.747563997055609,TRUE
"499","Ca2a",50,0.09,0.48,0.39,"4","4@Ca2a",0.0316607334940013,0.503544318415211,TRUE
"500","Ca2a",50,0.12,0.71,0.59,"4","4@Ca2a",0.0399933697689673,0.636069727356687,TRUE
"501","Ca2a",50,0.11,0.87,0.76,"4","4@Ca2a",0.0484457849185638,0.770500144967587,TRUE
"502","Ca2a",100,0.03,0.52,0.49,"4","4@Ca2a",0.0441603417331768,0.702342830535764,TRUE
"503","Ca2a",100,0.03,0.56,0.53,"4","4@Ca2a",0.0463543317405559,0.737236880071438,TRUE
"504","Ca2a",100,0.03,0.54,0.51,"4","4@Ca2a",0.0452674967121455,0.719951443405406,TRUE
"505","Ca2a",200,0.08,0.69,0.61,"4","4@Ca2a",0.0441534505185982,0.702233230044394,TRUE
"506","Ca2a",200,0.1,0.35,0.25,"4","4@Ca2a",0.0221952353272786,0.353001444109223,TRUE
"507","Ca2a",200,0.06,0.67,0.61,"4","4@Ca2a",0.0462302024809835,0.735262681229248,TRUE
"508","MISA_A1",0,0.97,4.9,3.93,"7","7@MISA_A1",0.0990320833064712,1.01040156679901,TRUE
"509","MISA_A1",0,1.27,6.33,5.06,"7","7@MISA_A1",0.111951845533543,1.14221892902198,TRUE
"510","MISA_A1",0,0.94,4,3.06,"7","7@MISA_A1",0.0830538673013999,0.847379504179007,TRUE
"511","MISA_A1",1,0.27,3.53,3.26,"7","7@MISA_A1",0.109550640352601,1.11771998488161,TRUE
"512","MISA_A1",1,0.32,3.84,3.52,"7","7@MISA_A1",0.112346779141018,1.14624834577715,TRUE
"513","MISA_A1",1,0.29,3.07,2.78,"7","7@MISA_A1",0.0978163743735478,0.997997968191517,TRUE
"514","MISA_A1",5,0.13,1.2,1.07,"7","7@MISA_A1",0.0592310394258132,0.604320671047268,TRUE
"515","MISA_A1",5,0.12,1.3,1.18,"7","7@MISA_A1",0.0639762990709858,0.652735463711104,TRUE
"516","MISA_A1",5,0.09,1.2,1.11,"7","7@MISA_A1",0.0641116925961109,0.654116852704987,TRUE
"517","MISA_A1",10,0.15,1.19,1.04,"7","7@MISA_A1",0.0567069269116361,0.578567731656819,TRUE
"518","MISA_A1",10,0.15,1.23,1.08,"7","7@MISA_A1",0.058172404452688,0.593519661921733,TRUE
"519","MISA_A1",10,0.12,1.1,0.98,"7","7@MISA_A1",0.0566122889298788,0.577602162097403,TRUE
"520","MISA_A1",25,0.13,1.05,0.92,"7","7@MISA_A1",0.0535286916102428,0.546140927928518,TRUE
"521","MISA_A1",25,0.13,1.07,0.94,"7","7@MISA_A1",0.0543115422713627,0.55412817315406,TRUE
"522","MISA_A1",25,0.12,1.04,0.92,"7","7@MISA_A1",0.054274533487713,0.553750581047175,TRUE
"523","MISA_A1",50,0.12,0.58,0.46,"7","7@MISA_A1",0.0334618544197126,0.34140360381037,TRUE
"524","MISA_A1",50,0.11,0.58,0.47,"7","7@MISA_A1",0.034650495681954,0.353531037199951,TRUE
"525","MISA_A1",50,0.07,0.52,0.45,"7","7@MISA_A1",0.0367960516395394,0.375421651118376,TRUE
"526","MISA_A1",100,0.09,0.57,0.48,"7","7@MISA_A1",0.0366709885035235,0.374145660708397,TRUE
"527","MISA_A1",100,0.08,0.55,0.47,"7","7@MISA_A1",0.0369767544905182,0.377265320741976,TRUE
"528","MISA_A1",100,0.08,0.56,0.48,"7","7@MISA_A1",0.037517701771986,0.382784481427098,TRUE
"529","Mont1",0,1.04,4.89,3.85,"7","7@Mont1",0.096035588129684,1.06627925429506,TRUE
"530","Mont1",0,1.06,4.28,3.22,"7","7@Mont1",0.083762251164483,0.930008889924566,TRUE
"531","Mont1",0,0.99,4.48,3.49,"7","7@Mont1",0.0904003880731337,1.00371185578038,TRUE
"532","Mont1",1,0.28,3.64,3.36,"7","7@Mont1",0.111123436497503,1.23379902503703,TRUE
"533","Mont1",1,0.3,4.17,3.87,"7","7@Mont1",0.120441195722418,1.33725372918927,TRUE
"534","Mont1",1,0.34,3.99,3.65,"7","7@Mont1",0.113998796908969,1.2657240354949,TRUE
"535","Mont1",5,0.21,1.73,1.52,"7","7@Mont1",0.0690759128621246,0.766947069214757,TRUE
"536","Mont1",5,0.16,1.41,1.25,"7","7@Mont1",0.0634660254685499,0.704660716174231,TRUE
"537","Mont1",5,0.15,1.39,1.24,"7","7@Mont1",0.0638085746999812,0.708464026448717,TRUE
"538","Mont1",10,0.2,1.43,1.23,"7","7@Mont1",0.0603370518083671,0.669919848064138,TRUE
"539","Mont1",10,0.13,1.22,1.09,"7","7@Mont1",0.0599637594265342,0.665775197833045,TRUE
"540","Mont1",10,0.16,1.51,1.35,"7","7@Mont1",0.0668017048246435,0.741696629273236,TRUE
"541","Mont1",25,0.14,1.31,1.17,"7","7@Mont1",0.0620920116042182,0.689405095761178,TRUE
"542","Mont1",25,0.16,1.3,1.14,"7","7@Mont1",0.059657037834138,0.662369680387004,TRUE
"543","Mont1",25,0.16,1.19,1.03,"7","7@Mont1",0.0556831915829666,0.61824822603968,TRUE
"544","Mont1",50,0.11,0.78,0.67,"7","7@Mont1",0.0444511760844586,0.493539611835048,TRUE
"545","Mont1",50,0.1,0.66,0.56,"7","7@Mont1",0.0399910532583539,0.444019048326224,TRUE
"546","Mont1",50,0.11,0.69,0.58,"7","7@Mont1",0.0402186499807547,0.446546045538068,TRUE
"547","Mont1",100,0.1,0.71,0.61,"7","7@Mont1",0.042426025932666,0.47105445153413,TRUE
"548","Mont1",100,0.11,0.75,0.64,"7","7@Mont1",0.043068856568206,0.478191774104343,TRUE
"549","Mont1",100,0.11,0.64,0.53,"7","7@Mont1",0.0377473072732468,0.419106827321269,TRUE
"550","MIBer_E4",0,1.28,3.97,2.69,"8","8@MIBer_E4",0.0694045903954584,0.913070268415265,TRUE
"551","MIBer_E4",0,1.33,4.36,3.03,"8","8@MIBer_E4",0.0753438953602942,0.991206350589992,TRUE
"552","MIBer_E4",0,1.23,4.59,3.36,"8","8@MIBer_E4",0.0832884774319254,1.09572338099474,TRUE
"553","MIBer_E4",1,0.25,3.32,3.07,"8","8@MIBer_E4",0.106558221945358,1.40185460009383,TRUE
"554","MIBer_E4",1,0.22,4.05,3.83,"8","8@MIBer_E4",0.124397323355573,1.63654157137488,TRUE
"555","MIBer_E4",1,0.23,2.67,2.44,"8","8@MIBer_E4",0.0930453652404602,1.22408267422702,TRUE
"556","MIBer_E4",5,0.11,1.39,1.28,"8","8@MIBer_E4",0.0682927418704009,0.898443053912206,TRUE
"557","MIBer_E4",5,0.11,1.76,1.65,"8","8@MIBer_E4",0.0801945068252048,1.05501984025989,TRUE
"558","MIBer_E4",5,0.13,1.86,1.73,"8","8@MIBer_E4",0.0808615082772425,1.06379475257297,TRUE
"559","MIBer_E4",10,0.09,1.37,1.28,"8","8@MIBer_E4",0.0701585859648157,0.922989654625519,TRUE
"560","MIBer_E4",10,0.11,1.39,1.28,"8","8@MIBer_E4",0.0682927418704009,0.898443053912206,TRUE
"561","MIBer_E4",10,0.1,1.35,1.25,"8","8@MIBer_E4",0.0681595209628529,0.896690431367785,TRUE
"562","MIBer_E4",25,0.1,0.8,0.7,"8","8@MIBer_E4",0.0466020132555364,0.613084992065723,TRUE
"563","MIBer_E4",25,0.11,1.06,0.95,"8","8@MIBer_E4",0.0562497446050058,0.740008248908902,TRUE
"564","MIBer_E4",25,0.09,0.97,0.88,"8","8@MIBer_E4",0.0552007747281878,0.726208250932855,TRUE
"565","MIBer_E4",50,0.07,0.72,0.65,"8","8@MIBer_E4",0.0470657433493819,0.619185714782292,TRUE
"566","MIBer_E4",50,0.06,0.5,0.44,"8","8@MIBer_E4",0.0372492315161284,0.490042022075232,TRUE
"567","MIBer_E4",50,0.07,0.65,0.58,"8","8@MIBer_E4",0.0436562358729538,0.57433104610796,TRUE
"568","MIBer_E4",100,0.08,0.97,0.89,"8","8@MIBer_E4",0.0565836265715812,0.744400720575444,TRUE
"569","MIBer_E4",100,0.09,0.83,0.74,"8","8@MIBer_E4",0.0492491853759093,0.647910558281419,TRUE
"570","MIBer_E4",100,0.07,1.42,1.35,"8","8@MIBer_E4",0.0747198497238503,0.982996554760572,TRUE
"571","Mo3a",0,0.78,3.9,3.12,"9","9@Mo3a",0.0879866292728784,0.843664023570243,TRUE
"572","Mo3a",0,0.78,4.48,3.7,"9","9@Mo3a",0.0994122165388116,0.953218816202826,TRUE
"573","Mo3a",0,0.75,5.87,5.12,"9","9@Mo3a",0.125474383867587,1.20311716022693,TRUE
"574","Mo3a",1,0.27,4.5,4.23,"9","9@Mo3a",0.129095047723221,1.23783406962195,TRUE
"575","Mo3a",1,0.24,4.06,3.82,"9","9@Mo3a",0.122916455916689,1.17859034513138,TRUE
"576","Mo3a",1,0.24,4.16,3.92,"9","9@Mo3a",0.124904308396179,1.19765096417054,TRUE
"577","Mo3a",5,0.1,1.43,1.33,"9","9@Mo3a",0.0708943147493298,0.679773544275453,TRUE
"578","Mo3a",5,0.15,1.36,1.21,"9","9@Mo3a",0.0627775397327912,0.601945456923341,TRUE
"579","Mo3a",5,0.13,1.86,1.73,"9","9@Mo3a",0.0808615082772425,0.775344458458138,TRUE
"580","Mo3a",10,0.12,1.24,1.12,"9","9@Mo3a",0.0618305609528934,0.592865305378878,TRUE
"581","Mo3a",10,0.12,1.3,1.18,"9","9@Mo3a",0.0639762990709858,0.613439818452036,TRUE
"582","Mo3a",10,0.13,1.2,1.07,"9","9@Mo3a",0.0592310394258132,0.567939668279038,TRUE
"583","Mo3a",25,0.12,1.02,0.9,"9","9@Mo3a",0.0534803633943047,0.512799034763635,TRUE
"584","Mo3a",25,0.12,1.35,1.23,"9","9@Mo3a",0.0657268647991542,0.630225202071748,TRUE
"585","Mo3a",25,0.12,1.02,0.9,"9","9@Mo3a",0.0534803633943047,0.512799034763635,TRUE
"586","Mo3a",50,0.11,0.68,0.57,"9","9@Mo3a",0.0397317333203786,0.380969634517219,TRUE
"587","Mo3a",50,0.1,0.76,0.66,"9","9@Mo3a",0.0447766663316166,0.429343217163547,TRUE
"588","Mo3a",50,0.1,0.57,0.47,"9","9@Mo3a",0.0353630547105306,0.339080349700557,TRUE
"589","Mo3a",100,0.12,0.88,0.76,"9","9@Mo3a",0.0476879625827078,0.457258321188991,TRUE
"590","Mo3a",100,0.13,0.71,0.58,"9","9@Mo3a",0.0388533065553612,0.372546797262163,TRUE
"591","Mo3a",100,0.09,0.71,0.62,"9","9@Mo3a",0.0437339597256589,0.419345174758066,TRUE
